IP Address,Date,Time,Name,E-mail,Message
::1,01-06-2022,05:11:05pm,yash,legoyashx@gmail.com,wfraetsett
::1,01-06-2022,05:13:16pm,alpha,legoyashx@gmail.com,helo
::1,10/06/2022,01:06:58am,hola,legoyashx@gmail.com,hhbh
::1,18/06/2022,08:19:34pm,helo,legoyashx@gmail.com,apla
::1,29/06/2022,12:30:07am,yash,legoyashx@gmail.com,test
::1,29/06/2022,12:32:22am,dasf,legoyashx@gmail.com,sfs
::1,29/06/2022,12:34:40am,fafs,legoyashx@gmail.com,sdfasfa
::1,29/06/2022,12:37:27am,wfafaef,legoyashx@gmail.com,adasdasf
::1,29/06/2022,12:37:34am,wfafaef,legoyashx@gmail.com,adasdasf
::1,29/06/2022,12:37:37am,wfafaef,legoyashx@gmail.com,adasdasf
::1,29/06/2022,12:39:10am,sfaat,legoyashx@gmail.com,aaa
::1,29/06/2022,12:44:27am,srat,legoyashx@gmail.com,rtyu
::1,29/06/2022,12:48:46am,sdasf,legoyashx@gmail.comqwert,qwert
::1,29/06/2022,12:50:07am,aswa,legoyashx@gmail.com,sasfasf
